date,code,name,score,stars,rank,entry_close,ret_5d,status_5d,ret_10d,status_10d,ret_20d,status_20d,ret_60d,status_60d,reasons
2026-06-24,402340,SK스퀘어,70.7,3,1,1799000.0,-15.23,ok,-21.68,ok,,insufficient,,insufficient,거래대금 3위 | 영업이익 성장 +366% | 정배열 · MACD 강세 · OBV 매집
2026-06-24,290650,엘앤씨바이오,68.2,3,2,94200.0,-6.9,ok,-22.82,ok,,insufficient,,insufficient,거래대금 86위 | 영업이익 성장 +650% | PEG 0.00 (저평가) | 60일 신고가 돌파 | 정배열 · MACD 강세 · OBV 매집
2026-06-24,005930,삼성전자,65.9,3,3,340500.0,-16.01,ok,-16.3,ok,,insufficient,,insufficient,거래대금 2위 | 영업이익 성장 +739% | PEG 0.01 (저평가) | 정배열 · OBV 매집
2026-06-24,005935,삼성전자우,65.9,3,4,213500.0,-11.62,ok,-8.99,ok,,insufficient,,insufficient,거래대금 5위 | 영업이익 성장 +739% | PEG 0.01 (저평가) | 정배열 · OBV 매집
2026-06-24,034730,SK,65.3,3,5,712000.0,-4.07,ok,-7.72,ok,,insufficient,,insufficient,거래대금 20위 | 영업이익 성장 +380% | 60일 고가 근접 | 정배열 · MACD 강세 · OBV 매집
2026-06-24,000850,화천기공,63.5,2,6,37700.0,-7.96,ok,11.41,ok,,insufficient,,insufficient,영업이익 성장 +700% | PEG 0.00 (저평가) | 거래량 6.9배 폭증 | MACD 강세 · OBV 매집
2026-06-24,088910,동우팜투테이블,62.4,2,7,2570.0,-10.89,ok,-14.59,ok,,insufficient,,insufficient,영업이익 성장 +407% | PEG 0.00 (저평가) | 60일 고가 근접 | 거래량 4.3배 폭증 | MACD 강세 · OBV 매집
2026-06-24,026940,부국철강,62.0,2,8,3455.0,-29.67,ok,-29.09,ok,,insufficient,,insufficient,거래대금 42위 | 영업이익 성장 +200% | PEG 0.04 (저평가) | 거래량 8.6배 폭증 | MACD 강세 · OBV 매집
2026-06-24,091590,남화토건,62.0,2,9,5980.0,73.24,ok,49.0,ok,,insufficient,,insufficient,영업이익 성장 +290% | 60일 신고가 돌파 | 거래량 2.5배 | MACD 강세 · OBV 매집
2026-06-24,196170,알테오젠,61.3,2,10,371500.0,-5.38,ok,-12.79,ok,,insufficient,,insufficient,거래대금 11위 | 영업이익 성장 +321% | MACD 강세 · OBV 매집
2026-06-24,420770,기가비스,61.2,2,11,155800.0,12.2,ok,5.58,ok,,insufficient,,insufficient,영업이익 성장 +772% | PEG 0.25 (저평가) | 60일 고가 근접 | 정배열 · MACD 강세
2026-06-24,000660,SK하이닉스,60.0,2,12,2580000.0,-15.23,ok,-15.5,ok,,insufficient,,insufficient,거래대금 1위 | 영업이익 성장 +462% | 정배열 · MACD 강세 · OBV 매집
2026-06-25,034730,SK,85.3,4,1,858000.0,-22.26,ok,-32.05,ok,,insufficient,,insufficient,거래대금 6위 | 영업이익 성장 +426% | 60일 신고가 돌파 | 거래량 2.7배 | 정배열 · MACD 강세 · OBV 매집
2026-06-25,005935,삼성전자우,75.3,3,2,235000.0,-9.57,ok,-24.72,ok,,insufficient,,insufficient,거래대금 4위 | 영업이익 성장 +739% | PEG 0.01 (저평가) | 60일 신고가 돌파 | 정배열 · OBV 매집
2026-06-25,058730,다스코,72.5,3,3,4105.0,-14.01,ok,16.08,ok,,insufficient,,insufficient,거래대금 57위 | 영업이익 성장 +217% | PEG 0.01 (저평가) | 60일 신고가 돌파 | 거래량 7.3배 폭증 | MACD 강세 · OBV 매집
2026-06-25,000660,SK하이닉스,72.0,3,4,2917000.0,-19.68,ok,-36.75,ok,,insufficient,,insufficient,거래대금 1위 | 영업이익 성장 +463% | 60일 고가 근접 | 정배열 · MACD 강세 · OBV 매집
2026-06-25,005930,삼성전자,71.8,3,5,358500.0,-11.3,ok,-29.01,ok,,insufficient,,insufficient,거래대금 2위 | 영업이익 성장 +739% | PEG 0.01 (저평가) | 60일 고가 근접 | 정배열 · OBV 매집
2026-06-25,402340,SK스퀘어,68.0,3,6,1899000.0,-21.27,ok,-38.86,ok,,insufficient,,insufficient,거래대금 3위 | 영업이익 성장 +366% | 정배열 · MACD 강세 · OBV 매집
2026-06-25,196170,알테오젠,68.0,3,7,375000.0,-11.73,ok,-15.6,ok,,insufficient,,insufficient,거래대금 12위 | 영업이익 성장 +321% | 60일 고가 근접 | MACD 강세 · OBV 매집
2026-06-25,290650,엘앤씨바이오,63.5,2,8,97100.0,-19.46,ok,-28.42,ok,,insufficient,,insufficient,영업이익 성장 +693% | PEG 0.00 (저평가) | 60일 신고가 돌파 | 정배열 · MACD 강세 · OBV 매집
2026-06-25,420770,기가비스,60.0,2,9,161500.0,-6.19,ok,0.31,ok,,insufficient,,insufficient,영업이익 성장 +772% | PEG 0.25 (저평가) | 60일 신고가 돌파 | 정배열 · MACD 강세
2026-06-29,009420,한올바이오파마,74.4,3,1,69000.0,-13.19,ok,-27.1,ok,,insufficient,,insufficient,거래대금 47위 | 영업이익 성장 +267% | PEG 0.67 | 60일 고가 근접 | 거래량 3.0배 폭증 | 정배열 · MACD 강세 · OBV 매집
2026-06-29,058730,다스코,71.3,3,2,4465.0,-10.41,ok,-1.68,ok,,insufficient,,insufficient,거래대금 84위 | 영업이익 성장 +217% | PEG 0.01 (저평가) | 60일 신고가 돌파 | 거래량 2.6배 | MACD 강세 · OBV 매집
2026-06-29,153890,져스텍,69.2,3,3,17530.0,-24.13,ok,-52.03,ok,,insufficient,,insufficient,거래대금 8위 | 영업이익 성장 +588% | 60일 신고가 돌파
2026-06-29,000660,SK하이닉스,68.0,3,4,2628000.0,-16.25,ok,-27.21,ok,,insufficient,,insufficient,거래대금 1위 | 영업이익 성장 +465% | 정배열 · MACD 강세 · OBV 매집
2026-06-29,089970,브이엠,65.3,3,5,106100.0,-17.81,ok,8.11,ok,,insufficient,,insufficient,거래대금 64위 | 영업이익 성장 +387% | 60일 고가 근접 | 정배열 · MACD 강세 · OBV 매집
2026-06-29,005935,삼성전자우,63.5,2,6,210500.0,-5.32,ok,-13.44,ok,,insufficient,,insufficient,거래대금 5위 | 영업이익 성장 +736% | PEG 0.01 (저평가) | 정배열 · OBV 매집
2026-06-29,214450,파마리서치,62.0,2,7,349000.0,-2.44,ok,-8.74,ok,,insufficient,,insufficient,거래대금 34위 | 영업이익 성장 +70% | PEG 0.50 (저평가) | 60일 고가 근접 | 거래량 3.7배 폭증 | MACD 강세 · OBV 매집
2026-06-29,240810,원익IPS,61.3,2,8,159000.0,-29.12,ok,-20.06,ok,,insufficient,,insufficient,거래대금 17위 | 영업이익 성장 +596% | 정배열 · MACD 강세 · OBV 매집
2026-06-29,034730,SK,60.0,2,9,785000.0,-20.25,ok,-28.41,ok,,insufficient,,insufficient,거래대금 13위 | 영업이익 성장 +426% | 정배열 · MACD 강세
2026-06-29,290650,엘앤씨바이오,60.0,2,10,94200.0,-15.07,ok,-26.86,ok,,insufficient,,insufficient,영업이익 성장 +693% | PEG 0.00 (저평가) | 60일 고가 근접 | 정배열 · MACD 강세 · OBV 매집
2026-06-29,420770,기가비스,60.0,2,11,175500.0,-20.23,ok,-10.83,ok,,insufficient,,insufficient,영업이익 성장 +772% | PEG 0.25 (저평가) | 60일 신고가 돌파 | 정배열 · MACD 강세
2026-06-30,240810,원익IPS,80.0,4,1,168100.0,-38.91,ok,-15.11,ok,,insufficient,,insufficient,거래대금 7위 | 영업이익 성장 +596% | 정배열 · MACD 강세 · OBV 매집 | 10거래일 중 3회 등장
2026-06-30,089970,브이엠,73.3,3,2,109300.0,-22.23,ok,6.04,ok,,insufficient,,insufficient,거래대금 97위 | 영업이익 성장 +387% | 60일 신고가 돌파 | 정배열 · MACD 강세 · OBV 매집 | 10거래일 중 3회 등장
2026-06-30,034730,SK,70.7,3,3,834000.0,-28.54,ok,-26.98,ok,,insufficient,,insufficient,거래대금 12위 | 영업이익 성장 +426% | 60일 고가 근접 | 정배열 · MACD 강세 · OBV 매집
2026-06-30,222800,심텍,70.7,3,4,148700.0,-29.66,ok,-18.22,ok,,insufficient,,insufficient,거래대금 28위 | 영업이익 성장 +1322% | 60일 신고가 돌파 | 정배열 · MACD 강세
2026-06-30,005935,삼성전자우,70.6,3,5,212000.0,-11.84,ok,-9.43,ok,,insufficient,,insufficient,거래대금 5위 | 영업이익 성장 +740% | PEG 0.01 (저평가) | 정배열 · OBV 매집
2026-06-30,005930,삼성전자,67.1,3,6,334000.0,-16.92,ok,-16.32,ok,,insufficient,,insufficient,거래대금 2위 | 영업이익 성장 +740% | PEG 0.01 (저평가) | 정배열
2026-06-30,000660,SK하이닉스,66.7,3,7,2650000.0,-21.66,ok,-21.43,ok,,insufficient,,insufficient,거래대금 1위 | 영업이익 성장 +468% | 정배열 · OBV 매집
2026-06-30,214450,파마리서치,65.5,3,8,363000.0,-9.92,ok,-9.78,ok,,insufficient,,insufficient,거래대금 52위 | 영업이익 성장 +70% | PEG 0.50 (저평가) | 60일 신고가 돌파 | 거래량 2.5배 | MACD 강세 · OBV 매집 | 10거래일 중 3회 등장
2026-06-30,319660,피에스케이,64.0,2,9,196100.0,-22.79,ok,4.28,ok,,insufficient,,insufficient,거래대금 46위 | 영업이익 성장 +102% | PEG 0.06 (저평가) | 60일 신고가 돌파 | 정배열 · MACD 강세 · OBV 매집 | 10거래일 중 3회 등장
2026-06-30,420770,기가비스,63.5,2,10,192200.0,-24.3,ok,-13.06,ok,,insufficient,,insufficient,영업이익 성장 +772% | PEG 0.25 (저평가) | 60일 신고가 돌파 | 정배열 · MACD 강세 · OBV 매집
2026-06-30,002990,금호건설,61.7,2,11,11190.0,25.11,ok,19.57,ok,,insufficient,,insufficient,거래대금 9위 | 영업이익 성장 +126% | 60일 신고가 돌파 | 거래량 10.8배 폭증 | MACD 강세 · OBV 매집 | 과열 페널티 -5 (RSI 고점)
2026-06-30,058730,다스코,60.7,2,12,4205.0,23.66,ok,24.14,ok,,insufficient,,insufficient,거래대금 74위 | 영업이익 성장 +217% | PEG 0.01 (저평가) | 거래량 2.9배 | MACD 강세
2026-06-30,009150,삼성전기,60.0,2,13,2184000.0,-32.28,ok,-35.3,ok,,insufficient,,insufficient,거래대금 3위 | 영업이익 성장 +74% | PEG 0.22 (저평가) | 정배열 · OBV 매집 | 10거래일 중 3회 등장
2026-07-01,222800,심텍,84.0,4,1,157300.0,-25.05,ok,-31.72,ok,,insufficient,,insufficient,거래대금 29위 | 영업이익 성장 +1322% | 60일 신고가 돌파 | 정배열 · MACD 강세 · OBV 매집 | 10거래일 중 3회 등장
2026-07-01,240810,원익IPS,80.0,4,2,165600.0,-36.65,ok,-15.04,ok,,insufficient,,insufficient,거래대금 6위 | 영업이익 성장 +596% | 거래량 2.7배 | 정배열 · MACD 강세 | 10거래일 중 3회 등장
2026-07-01,089970,브이엠,73.3,3,3,119700.0,-27.65,ok,-9.52,ok,,insufficient,,insufficient,거래대금 67위 | 영업이익 성장 +387% | 60일 신고가 돌파 | 정배열 · MACD 강세 · OBV 매집 | 10거래일 중 4회 등장
2026-07-01,010960,삼호개발,70.6,3,4,4235.0,-6.26,ok,-20.07,ok,,insufficient,,insufficient,영업이익 성장 +1108% | PEG 0.00 (저평가) | 60일 신고가 돌파 | 거래량 6.4배 폭증 | MACD 강세 · OBV 매집
2026-07-01,036930,주성엔지니어링,68.6,3,5,242000.0,-26.28,ok,-22.36,ok,,insufficient,,insufficient,거래대금 5위 | 영업이익 성장 +155% | PEG 0.27 (저평가) | 거래량 2.0배 | OBV 매집 | 10거래일 중 3회 등장
2026-07-01,084370,유진테크,68.6,3,6,206500.0,-28.81,ok,-28.91,ok,,insufficient,,insufficient,거래대금 53위 | 영업이익 성장 +99% | PEG 0.20 (저평가) | 60일 신고가 돌파 | 정배열 · MACD 강세 · OBV 매집 | 10거래일 중 3회 등장
2026-07-01,281820,케이씨텍,67.9,3,7,117500.0,-28.94,ok,-14.21,ok,,insufficient,,insufficient,거래대금 92위 | 영업이익 성장 +144% | PEG 0.05 (저평가) | 60일 신고가 돌파 | 정배열 · MACD 강세 · OBV 매집
2026-07-01,058730,다스코,67.8,3,8,4320.0,14.81,ok,4.51,ok,,insufficient,,insufficient,거래대금 68위 | 영업이익 성장 +217% | PEG 0.01 (저평가) | 거래량 2.9배 | MACD 강세 · OBV 매집 | 10거래일 중 3회 등장
2026-07-01,214450,파마리서치,65.5,3,9,366500.0,-15.69,ok,-8.19,ok,,insufficient,,insufficient,거래대금 64위 | 영업이익 성장 +70% | PEG 0.50 (저평가) | 60일 신고가 돌파 | 거래량 2.1배 | MACD 강세 · OBV 매집 | 10거래일 중 4회 등장
2026-07-01,402340,SK스퀘어,65.3,3,10,1757000.0,-24.47,ok,-31.02,ok,,insufficient,,insufficient,거래대금 3위 | 영업이익 성장 +366% | 정배열 · OBV 매집 | 10거래일 중 3회 등장
2026-07-01,319660,피에스케이,64.0,2,11,211500.0,-28.04,ok,-7.61,ok,,insufficient,,insufficient,거래대금 49위 | 영업이익 성장 +102% | PEG 0.06 (저평가) | 60일 신고가 돌파 | 정배열 · MACD 강세 · OBV 매집 | 10거래일 중 4회 등장
2026-07-01,009150,삼성전기,63.5,2,12,2205000.0,-32.29,ok,-42.09,ok,,insufficient,,insufficient,거래대금 4위 | 영업이익 성장 +74% | PEG 0.22 (저평가) | 60일 고가 근접 | 정배열 · OBV 매집 | 10거래일 중 4회 등장
2026-07-01,005930,삼성전자,62.4,2,13,314500.0,-11.61,ok,-18.92,ok,,insufficient,,insufficient,거래대금 2위 | 영업이익 성장 +743% | PEG 0.01 (저평가) | 정배열
2026-07-01,005935,삼성전자우,62.4,2,14,204500.0,-9.24,ok,-15.89,ok,,insufficient,,insufficient,거래대금 8위 | 영업이익 성장 +743% | PEG 0.01 (저평가) | 정배열
2026-07-01,000660,SK하이닉스,61.3,2,15,2560000.0,-14.61,ok,-28.05,ok,,insufficient,,insufficient,거래대금 1위 | 영업이익 성장 +470% | 정배열 · OBV 매집
2026-07-01,034730,SK,61.3,2,16,763000.0,-20.05,ok,-23.98,ok,,insufficient,,insufficient,거래대금 16위 | 영업이익 성장 +442% | 정배열 · MACD 강세 · OBV 매집
2026-07-01,007660,이수페타시스,60.5,2,17,132900.0,-30.93,ok,-30.78,ok,,insufficient,,insufficient,거래대금 11위 | 영업이익 성장 +101% | PEG 0.44 (저평가) | 거래량 2.8배 | MACD 강세 · OBV 매집 | 10거래일 중 4회 등장
2026-07-01,420770,기가비스,60.0,2,18,189200.0,-19.93,ok,-13.95,ok,,insufficient,,insufficient,영업이익 성장 +772% | PEG 0.25 (저평가) | 60일 고가 근접 | 정배열 · MACD 강세 · OBV 매집
2026-07-02,010960,삼호개발,77.6,3,1,4370.0,-1.95,ok,,insufficient,,insufficient,,insufficient,거래대금 54위 | 영업이익 성장 +1108% | PEG 0.00 (저평가) | 60일 신고가 돌파 | 거래량 12.8배 폭증 | MACD 강세 · OBV 매집
2026-07-02,091590,남화토건,67.3,3,2,10360.0,-14.0,ok,,insufficient,,insufficient,,insufficient,영업이익 성장 +290% | 60일 신고가 돌파 | 거래량 3.1배 폭증 | 정배열 · MACD 강세
2026-07-02,003490,대한항공,65.1,3,3,28550.0,-6.3,ok,,insufficient,,insufficient,,insufficient,거래대금 34위 | 영업이익 성장 +164% | 거래량 2.1배 | 정배열 · MACD 강세 · OBV 매집 | 10거래일 중 3회 등장
2026-07-02,036930,주성엔지니어링,63.9,2,4,227500.0,-15.65,ok,,insufficient,,insufficient,,insufficient,거래대금 6위 | 영업이익 성장 +155% | PEG 0.27 (저평가) | MACD 강세 · OBV 매집 | 10거래일 중 3회 등장
2026-07-02,419050,삼기에너지솔루션즈,63.4,2,5,1944.0,-13.27,ok,,insufficient,,insufficient,,insufficient,영업이익 성장 +186% | PEG 0.06 (저평가) | 60일 신고가 돌파 | 거래량 4.0배 폭증 | MACD 강세 · OBV 매집
2026-07-02,002990,금호건설,63.2,2,6,11730.0,43.39,ok,,insufficient,,insufficient,,insufficient,거래대금 9위 | 영업이익 성장 +126% | 거래량 7.2배 폭증 | 정배열 · MACD 강세 · OBV 매집 | 10거래일 중 3회 등장
2026-07-02,402340,SK스퀘어,61.3,2,7,1525000.0,-7.61,ok,,insufficient,,insufficient,,insufficient,거래대금 3위 | 영업이익 성장 +384% | 정배열 | 10거래일 중 3회 등장
2026-07-02,352820,하이브,61.2,2,8,213500.0,3.28,ok,,insufficient,,insufficient,,insufficient,거래대금 72위 | 영업이익 성장 +462% | PEG 0.02 (저평가) | MACD 강세 | 10거래일 중 3회 등장
2026-07-02,222800,심텍,60.0,2,9,124700.0,-1.6,ok,,insufficient,,insufficient,,insufficient,거래대금 50위 | 영업이익 성장 +1341% | 정배열 · MACD 강세 · OBV 매집 | 10거래일 중 3회 등장
2026-07-02,089970,브이엠,60.0,2,10,99500.0,3.92,ok,,insufficient,,insufficient,,insufficient,거래대금 61위 | 영업이익 성장 +387% | 정배열 · MACD 강세 · OBV 매집 | 10거래일 중 4회 등장
2026-07-06,091590,남화토건,79.3,3,1,10610.0,-31.01,ok,,insufficient,,insufficient,,insufficient,거래대금 66위 | 영업이익 성장 +290% | 60일 신고가 돌파 | 거래량 3.0배 폭증 | 정배열 · MACD 강세 · OBV 매집
2026-07-06,042660,한화오션,76.5,3,2,116100.0,-32.13,ok,,insufficient,,insufficient,,insufficient,거래대금 6위 | 영업이익 성장 +391% | PEG 0.38 (저평가) | 거래량 2.3배 | MACD 강세 · OBV 매집 | 10거래일 중 3회 등장
2026-07-06,010960,삼호개발,74.1,3,3,4330.0,-10.97,ok,,insufficient,,insufficient,,insufficient,거래대금 73위 | 영업이익 성장 +1108% | PEG 0.00 (저평가) | 60일 고가 근접 | 거래량 4.3배 폭증 | MACD 강세 · OBV 매집
2026-07-06,005935,삼성전자우,69.4,3,4,212500.0,-16.75,ok,,insufficient,,insufficient,,insufficient,거래대금 5위 | 영업이익 성장 +755% | PEG 0.01 (저평가) | OBV 매집 | 10거래일 중 3회 등장
2026-07-06,005930,삼성전자,64.7,2,5,318000.0,-19.97,ok,,insufficient,,insufficient,,insufficient,거래대금 2위 | 영업이익 성장 +755% | PEG 0.01 (저평가) | OBV 매집 | 10거래일 중 3회 등장
2026-07-06,019210,와이지-원,62.4,2,6,26700.0,-20.22,ok,,insufficient,,insufficient,,insufficient,거래대금 52위 | PEG 0.37 (저평가) | 60일 신고가 돌파 | 거래량 3.0배 폭증 | 정배열 · MACD 강세 · OBV 매집
2026-07-06,122350,삼기,61.5,2,7,1866.0,-1.39,ok,,insufficient,,insufficient,,insufficient,거래대금 98위 | 영업이익 성장 +63% | PEG 0.13 (저평가) | 60일 고가 근접 | 거래량 4.8배 폭증 | MACD 강세 · OBV 매집
2026-07-06,402340,SK스퀘어,61.3,2,8,1495000.0,-22.34,ok,,insufficient,,insufficient,,insufficient,거래대금 4위 | 영업이익 성장 +389% | 정배열 | 10거래일 중 3회 등장
2026-07-06,222800,심텍,61.3,2,9,118500.0,-8.78,ok,,insufficient,,insufficient,,insufficient,거래대금 29위 | 영업이익 성장 +1341% | 정배열 · OBV 매집 | 10거래일 중 3회 등장
2026-07-07,352820,하이브,76.5,3,1,232000.0,-11.21,ok,,insufficient,,insufficient,,insufficient,거래대금 24위 | 영업이익 성장 +439% | PEG 0.02 (저평가) | 거래량 2.8배 | MACD 강세 · OBV 매집 | 10거래일 중 5회 등장
2026-07-07,042660,한화오션,72.9,3,2,89800.0,-14.48,ok,,insufficient,,insufficient,,insufficient,거래대금 6위 | 영업이익 성장 +391% | PEG 0.37 (저평가) | 거래량 2.3배 | OBV 매집 | 10거래일 중 3회 등장
2026-07-07,002990,금호건설,71.4,3,3,14000.0,-3.07,ok,,insufficient,,insufficient,,insufficient,거래대금 7위 | 영업이익 성장 +126% | 거래량 4.1배 폭증 | 정배열 · MACD 강세 · OBV 매집 | 10거래일 중 5회 등장
2026-07-07,010960,삼호개발,70.6,3,4,4190.0,-13.96,ok,,insufficient,,insufficient,,insufficient,거래대금 86위 | 영업이익 성장 +1108% | PEG 0.00 (저평가) | 거래량 3.6배 폭증 | MACD 강세 · OBV 매집
2026-07-07,010950,S-Oil,69.4,3,5,127400.0,3.14,ok,,insufficient,,insufficient,,insufficient,거래대금 35위 | 영업이익 성장 +1367% | PEG 0.00 (저평가) | 거래량 2.8배 | MACD 강세 · OBV 매집
2026-07-07,013700,까뮤이앤씨,66.2,3,6,1419.0,-7.12,ok,,insufficient,,insufficient,,insufficient,영업이익 성장 +231% | PEG 0.04 (저평가) | 60일 신고가 돌파 | 거래량 13.7배 폭증 | MACD 강세 · OBV 매집
2026-07-07,010955,S-Oil우,65.9,3,7,64300.0,1.09,ok,,insufficient,,insufficient,,insufficient,영업이익 성장 +1367% | PEG 0.00 (저평가) | 60일 신고가 돌파 | 거래량 3.1배 폭증 | MACD 강세 · OBV 매집
2026-07-07,005935,삼성전자우,64.7,2,8,199300.0,-8.58,ok,,insufficient,,insufficient,,insufficient,거래대금 5위 | 영업이익 성장 +755% | PEG 0.01 (저평가) | OBV 매집 | 10거래일 중 3회 등장
2026-07-07,058730,다스코,64.2,2,9,4000.0,9.75,ok,,insufficient,,insufficient,,insufficient,거래대금 77위 | 영업이익 성장 +217% | PEG 0.01 (저평가) | 정배열 · MACD 강세 · OBV 매집 | 10거래일 중 4회 등장
2026-07-07,214450,파마리서치,63.2,2,10,340500.0,-6.46,ok,,insufficient,,insufficient,,insufficient,거래대금 55위 | 영업이익 성장 +70% | PEG 0.50 (저평가) | 정배열 · MACD 강세 · OBV 매집 | 10거래일 중 5회 등장
2026-07-07,003490,대한항공,62.0,2,11,29150.0,-9.09,ok,,insufficient,,insufficient,,insufficient,거래대금 51위 | 영업이익 성장 +140% | 60일 고가 근접 | 정배열 · MACD 강세 · OBV 매집 | 10거래일 중 5회 등장
2026-07-07,005930,삼성전자,61.2,2,12,296000.0,-11.15,ok,,insufficient,,insufficient,,insufficient,거래대금 2위 | 영업이익 성장 +755% | PEG 0.01 (저평가) | 10거래일 중 3회 등장
2026-07-07,402340,SK스퀘어,60.0,2,13,1356000.0,-12.24,ok,,insufficient,,insufficient,,insufficient,거래대금 4위 | 영업이익 성장 +389% | OBV 매집 | 10거래일 중 3회 등장
2026-07-08,058730,다스코,91.3,5,1,5200.0,0.38,ok,,insufficient,,insufficient,,insufficient,거래대금 30위 | 영업이익 성장 +217% | PEG 0.01 (저평가) | 60일 신고가 돌파 | 거래량 3.0배 폭증 | 정배열 · MACD 강세 · OBV 매집 | 10거래일 중 5회 등장
2026-07-08,010950,S-Oil,72.9,3,2,131600.0,6.69,ok,,insufficient,,insufficient,,insufficient,거래대금 49위 | 영업이익 성장 +1394% | PEG 0.00 (저평가) | 60일 고가 근접 | MACD 강세 · OBV 매집 | 10거래일 중 3회 등장
2026-07-08,010960,삼호개발,69.4,3,3,4460.0,-16.7,ok,,insufficient,,insufficient,,insufficient,영업이익 성장 +1108% | PEG 0.00 (저평가) | 60일 신고가 돌파 | 거래량 2.2배 | MACD 강세 · OBV 매집
2026-07-08,263800,데이타솔루션,65.9,3,4,5940.0,-0.17,ok,,insufficient,,insufficient,,insufficient,영업이익 성장 +1100% | PEG 0.00 (저평가) | 60일 신고가 돌파 | 거래량 5.6배 폭증 | MACD 강세 · OBV 매집
2026-07-08,352820,하이브,63.5,2,5,230000.0,-9.57,ok,,insufficient,,insufficient,,insufficient,거래대금 57위 | 영업이익 성장 +435% | PEG 0.02 (저평가) | MACD 강세 · OBV 매집 | 10거래일 중 5회 등장
2026-07-08,005930,삼성전자,61.2,2,6,277500.0,0.72,ok,,insufficient,,insufficient,,insufficient,거래대금 2위 | 영업이익 성장 +758% | PEG 0.01 (저평가) | 10거래일 중 3회 등장
2026-07-08,005935,삼성전자우,61.2,2,7,186900.0,2.73,ok,,insufficient,,insufficient,,insufficient,거래대금 5위 | 영업이익 성장 +758% | PEG 0.01 (저평가) | 10거래일 중 3회 등장
2026-07-08,042660,한화오션,61.2,2,8,82000.0,0.0,ok,,insufficient,,insufficient,,insufficient,거래대금 13위 | 영업이익 성장 +391% | PEG 0.37 (저평가) | OBV 매집 | 10거래일 중 3회 등장
2026-07-09,058730,다스코,76.0,3,1,4960.0,-8.97,ok,,insufficient,,insufficient,,insufficient,거래대금 32위 | 영업이익 성장 +217% | PEG 0.01 (저평가) | 거래량 2.6배 | 정배열 · MACD 강세 · OBV 매집 | 10거래일 중 5회 등장
2026-07-09,002990,금호건설,70.2,3,2,17310.0,-37.03,ok,,insufficient,,insufficient,,insufficient,거래대금 7위 | 영업이익 성장 +126% | 60일 신고가 돌파 | 거래량 2.6배 | MACD 강세 · OBV 매집 | 10거래일 중 6회 등장
2026-07-09,010950,S-Oil,68.2,3,3,133500.0,8.54,ok,,insufficient,,insufficient,,insufficient,거래대금 92위 | 영업이익 성장 +1412% | PEG 0.00 (저평가) | 60일 고가 근접 | MACD 강세 · OBV 매집 | 10거래일 중 4회 등장
2026-07-09,263800,데이타솔루션,65.6,3,4,7720.0,-29.92,ok,,insufficient,,insufficient,,insufficient,영업이익 성장 +1100% | PEG 0.00 (저평가) | 60일 신고가 돌파 | 거래량 14.6배 폭증 | MACD 강세 · OBV 매집 | 과열 페널티 -5 (RSI 고점)
2026-07-09,352820,하이브,63.5,2,5,216000.0,-3.47,ok,,insufficient,,insufficient,,insufficient,거래대금 77위 | 영업이익 성장 +438% | PEG 0.02 (저평가) | MACD 강세 · OBV 매집 | 10거래일 중 5회 등장
2026-07-09,042660,한화오션,62.4,2,6,78600.0,10.31,ok,,insufficient,,insufficient,,insufficient,거래대금 11위 | 영업이익 성장 +391% | PEG 0.35 (저평가) | 10거래일 중 3회 등장
2026-07-09,005930,삼성전자,61.2,2,7,278000.0,-8.27,ok,,insufficient,,insufficient,,insufficient,거래대금 2위 | 영업이익 성장 +779% | PEG 0.01 (저평가) | 10거래일 중 4회 등장
2026-07-09,005935,삼성전자우,61.2,2,8,185600.0,-7.33,ok,,insufficient,,insufficient,,insufficient,거래대금 5위 | 영업이익 성장 +779% | PEG 0.01 (저평가) | 10거래일 중 3회 등장
2026-07-10,010170,대한광통신,73.3,3,1,12600.0,,insufficient,,insufficient,,insufficient,,insufficient,거래대금 9위 | 영업이익 성장 +665% | 거래량 3.0배 폭증 | OBV 매집 | 10거래일 중 3회 등장
2026-07-10,353200,대덕전자,69.4,3,2,120900.0,,insufficient,,insufficient,,insufficient,,insufficient,거래대금 12위 | 영업이익 성장 +407% | PEG 0.03 (저평가) | 거래량 2.4배 | OBV 매집 | 10거래일 중 4회 등장
2026-07-10,005930,삼성전자,68.2,3,3,285000.0,,insufficient,,insufficient,,insufficient,,insufficient,거래대금 2위 | 영업이익 성장 +779% | PEG 0.01 (저평가) | OBV 매집 | 10거래일 중 5회 등장
2026-07-10,058730,다스코,67.8,3,4,5030.0,,insufficient,,insufficient,,insufficient,,insufficient,거래대금 83위 | 영업이익 성장 +217% | PEG 0.01 (저평가) | 정배열 · MACD 강세 · OBV 매집 | 10거래일 중 6회 등장
2026-07-10,000850,화천기공,67.1,3,5,42000.0,,insufficient,,insufficient,,insufficient,,insufficient,영업이익 성장 +700% | PEG 0.00 (저평가) | 60일 신고가 돌파 | 거래량 2.7배 | MACD 강세 · OBV 매집
2026-07-10,002990,금호건설,66.7,3,6,16820.0,,insufficient,,insufficient,,insufficient,,insufficient,거래대금 8위 | 영업이익 성장 +126% | 60일 고가 근접 | 거래량 2.1배 | MACD 강세 · OBV 매집 | 10거래일 중 6회 등장
2026-07-10,263800,데이타솔루션,64.7,2,7,7300.0,,insufficient,,insufficient,,insufficient,,insufficient,거래대금 31위 | 영업이익 성장 +1100% | PEG 0.00 (저평가) | 거래량 14.6배 폭증 | MACD 강세
2026-07-10,402340,SK스퀘어,64.0,2,8,1409000.0,,insufficient,,insufficient,,insufficient,,insufficient,거래대금 4위 | 영업이익 성장 +389% | OBV 매집 | 10거래일 중 5회 등장
2026-07-10,010950,S-Oil,63.5,2,9,132100.0,,insufficient,,insufficient,,insufficient,,insufficient,영업이익 성장 +1412% | PEG 0.00 (저평가) | 60일 고가 근접 | MACD 강세 · OBV 매집 | 10거래일 중 4회 등장
2026-07-10,005935,삼성전자우,61.2,2,10,194300.0,,insufficient,,insufficient,,insufficient,,insufficient,거래대금 5위 | 영업이익 성장 +779% | PEG 0.01 (저평가) | 10거래일 중 4회 등장
2026-07-10,240810,원익IPS,60.0,2,11,125000.0,,insufficient,,insufficient,,insufficient,,insufficient,거래대금 10위 | 영업이익 성장 +596% | 10거래일 중 5회 등장
2026-07-10,089970,브이엠,60.0,2,12,103400.0,,insufficient,,insufficient,,insufficient,,insufficient,거래대금 36위 | 영업이익 성장 +387% | OBV 매집 | 10거래일 중 5회 등장
2026-07-13,010950,S-Oil,80.0,4,1,139500.0,,insufficient,,insufficient,,insufficient,,insufficient,거래대금 44위 | 영업이익 성장 +1412% | PEG 0.00 (저평가) | 60일 신고가 돌파 | MACD 강세 · OBV 매집 | 10거래일 중 5회 등장
2026-07-13,096770,SK이노베이션,72.9,3,2,110200.0,,insufficient,,insufficient,,insufficient,,insufficient,거래대금 23위 | 영업이익 성장 +1036% | PEG 0.00 (저평가) | 거래량 3.2배 폭증 | MACD 강세 · OBV 매집
2026-07-13,010955,S-Oil우,63.5,2,3,67500.0,,insufficient,,insufficient,,insufficient,,insufficient,영업이익 성장 +1412% | PEG 0.00 (저평가) | 60일 신고가 돌파 | 정배열 · MACD 강세 · OBV 매집
2026-07-13,058730,다스코,63.1,2,4,4765.0,,insufficient,,insufficient,,insufficient,,insufficient,영업이익 성장 +217% | PEG 0.01 (저평가) | 정배열 · MACD 강세 · OBV 매집 | 10거래일 중 5회 등장
2026-07-13,105560,KB금융,62.9,2,5,186200.0,,insufficient,,insufficient,,insufficient,,insufficient,거래대금 9위 | PEG 0.48 (저평가) | 60일 신고가 돌파 | 정배열 · MACD 강세 · OBV 매집
2026-07-13,353200,대덕전자,62.4,2,6,113800.0,,insufficient,,insufficient,,insufficient,,insufficient,거래대금 18위 | 영업이익 성장 +410% | PEG 0.03 (저평가) | 10거래일 중 4회 등장
2026-07-13,387690,레메디,62.0,2,7,22000.0,,insufficient,,insufficient,,insufficient,,insufficient,거래대금 6위 | 영업이익 성장 +211% | 60일 신고가 돌파
2026-07-13,240810,원익IPS,61.3,2,8,124800.0,,insufficient,,insufficient,,insufficient,,insufficient,거래대금 10위 | 영업이익 성장 +596% | 10거래일 중 4회 등장
2026-07-13,005930,삼성전자,61.2,2,9,254500.0,,insufficient,,insufficient,,insufficient,,insufficient,거래대금 2위 | 영업이익 성장 +779% | PEG 0.01 (저평가) | 10거래일 중 4회 등장
2026-07-13,005935,삼성전자우,61.2,2,10,176900.0,,insufficient,,insufficient,,insufficient,,insufficient,거래대금 5위 | 영업이익 성장 +779% | PEG 0.01 (저평가) | 10거래일 중 3회 등장
2026-07-14,005930,삼성전자,68.2,3,1,263000.0,,insufficient,,insufficient,,insufficient,,insufficient,거래대금 2위 | 영업이익 성장 +779% | PEG 0.01 (저평가) | OBV 매집 | 10거래일 중 5회 등장
2026-07-14,010950,S-Oil,68.2,3,2,131400.0,,insufficient,,insufficient,,insufficient,,insufficient,거래대금 84위 | 영업이익 성장 +1419% | PEG 0.00 (저평가) | MACD 강세 · OBV 매집 | 10거래일 중 5회 등장
2026-07-14,089030,테크윙,65.3,3,3,48450.0,,insufficient,,insufficient,,insufficient,,insufficient,거래대금 22위 | 영업이익 성장 +523% | 거래량 2.1배 | 10거래일 중 5회 등장
2026-07-14,095610,테스,62.4,2,4,217500.0,,insufficient,,insufficient,,insufficient,,insufficient,거래대금 23위 | 영업이익 성장 +75% | 60일 신고가 돌파 | MACD 강세 · OBV 매집 | 10거래일 중 6회 등장
2026-07-14,000660,SK하이닉스,61.3,2,5,1913000.0,,insufficient,,insufficient,,insufficient,,insufficient,거래대금 1위 | 영업이익 성장 +484% | 10거래일 중 4회 등장
2026-07-14,196170,알테오젠,61.3,2,6,279500.0,,insufficient,,insufficient,,insufficient,,insufficient,거래대금 10위 | 영업이익 성장 +321% | 거래량 2.4배
2026-07-14,005935,삼성전자우,61.2,2,7,182200.0,,insufficient,,insufficient,,insufficient,,insufficient,거래대금 5위 | 영업이익 성장 +779% | PEG 0.01 (저평가) | 10거래일 중 4회 등장
2026-07-14,096770,SK이노베이션,61.2,2,8,104900.0,,insufficient,,insufficient,,insufficient,,insufficient,거래대금 66위 | 영업이익 성장 +1036% | PEG 0.00 (저평가) | MACD 강세 · OBV 매집
2026-07-14,402340,SK스퀘어,60.0,2,9,1190000.0,,insufficient,,insufficient,,insufficient,,insufficient,거래대금 4위 | 영업이익 성장 +393% | 10거래일 중 5회 등장
2026-07-14,263800,데이타솔루션,60.0,2,10,5680.0,,insufficient,,insufficient,,insufficient,,insufficient,영업이익 성장 +1100% | PEG 0.00 (저평가) | 거래량 3.4배 폭증 | 정배열 · MACD 강세
2026-07-15,010950,S-Oil,80.0,4,1,140400.0,,insufficient,,insufficient,,insufficient,,insufficient,거래대금 59위 | 영업이익 성장 +1424% | PEG 0.00 (저평가) | 60일 신고가 돌파 | 정배열 · MACD 강세 · OBV 매집 | 10거래일 중 6회 등장
2026-07-15,058730,다스코,74.8,3,2,5220.0,,insufficient,,insufficient,,insufficient,,insufficient,거래대금 47위 | 영업이익 성장 +217% | PEG 0.01 (저평가) | 60일 신고가 돌파 | 정배열 · MACD 강세 · OBV 매집 | 10거래일 중 5회 등장
2026-07-15,353200,대덕전자,69.4,3,3,143200.0,,insufficient,,insufficient,,insufficient,,insufficient,거래대금 15위 | 영업이익 성장 +410% | PEG 0.03 (저평가) | OBV 매집 | 10거래일 중 5회 등장
2026-07-15,005930,삼성전자,68.2,3,4,279500.0,,insufficient,,insufficient,,insufficient,,insufficient,거래대금 2위 | 영업이익 성장 +779% | PEG 0.01 (저평가) | OBV 매집 | 10거래일 중 5회 등장
2026-07-15,004310,현대약품,65.9,3,5,6710.0,,insufficient,,insufficient,,insufficient,,insufficient,거래대금 43위 | 영업이익 성장 +2000% | PEG 0.00 (저평가) | 거래량 3.5배 폭증 | MACD 강세 · OBV 매집
2026-07-15,319660,피에스케이,65.3,3,6,204500.0,,insufficient,,insufficient,,insufficient,,insufficient,거래대금 25위 | 영업이익 성장 +103% | PEG 0.06 (저평가) | 정배열 · MACD 강세 · OBV 매집 | 10거래일 중 5회 등장
2026-07-15,089970,브이엠,65.3,3,7,115900.0,,insufficient,,insufficient,,insufficient,,insufficient,거래대금 40위 | 영업이익 성장 +387% | 정배열 · MACD 강세 · OBV 매집 | 10거래일 중 4회 등장
2026-07-15,005935,삼성전자우,64.7,2,8,192000.0,,insufficient,,insufficient,,insufficient,,insufficient,거래대금 7위 | 영업이익 성장 +779% | PEG 0.01 (저평가) | OBV 매집 | 10거래일 중 4회 등장
2026-07-15,096770,SK이노베이션,64.7,2,9,117000.0,,insufficient,,insufficient,,insufficient,,insufficient,거래대금 39위 | 영업이익 성장 +1077% | PEG 0.00 (저평가) | MACD 강세 · OBV 매집 | 10거래일 중 3회 등장
2026-07-15,042700,한미반도체,64.5,2,10,269500.0,,insufficient,,insufficient,,insufficient,,insufficient,거래대금 5위 | 영업이익 성장 +52% | PEG 0.28 (저평가) | 거래량 2.0배 | MACD 강세 · OBV 매집 | 10거래일 중 5회 등장
2026-07-15,402340,SK스퀘어,64.0,2,11,1382000.0,,insufficient,,insufficient,,insufficient,,insufficient,거래대금 3위 | 영업이익 성장 +393% | OBV 매집 | 10거래일 중 5회 등장
2026-07-15,095610,테스,63.5,2,12,214000.0,,insufficient,,insufficient,,insufficient,,insufficient,거래대금 21위 | 영업이익 성장 +75% | 60일 고가 근접 | 정배열 · MACD 강세 · OBV 매집 | 10거래일 중 5회 등장
2026-07-15,080220,제주반도체,63.1,2,13,89100.0,,insufficient,,insufficient,,insufficient,,insufficient,거래대금 9위 | 영업이익 성장 +274% | PEG 0.03 (저평가) | OBV 매집 | 10거래일 중 3회 등장
2026-07-15,036540,SFA반도체,61.3,2,14,6050.0,,insufficient,,insufficient,,insufficient,,insufficient,거래대금 72위 | 영업이익 성장 +384% | 거래량 4.1배 폭증 | MACD 강세 · OBV 매집
2026-07-15,006400,삼성SDI,61.2,2,15,454000.0,,insufficient,,insufficient,,insufficient,,insufficient,거래대금 13위 | 영업이익 성장 +6734% | PEG 0.08 (저평가) | MACD 강세 | 10거래일 중 3회 등장
2026-07-15,042660,한화오션,61.2,2,16,82000.0,,insufficient,,insufficient,,insufficient,,insufficient,거래대금 30위 | 영업이익 성장 +391% | PEG 0.32 (저평가) | 10거래일 중 5회 등장
2026-07-15,036930,주성엔지니어링,60.4,2,17,209500.0,,insufficient,,insufficient,,insufficient,,insufficient,거래대금 6위 | 영업이익 성장 +155% | PEG 0.27 (저평가) | 정배열 | 10거래일 중 5회 등장
2026-07-15,000660,SK하이닉스,60.0,2,18,2082000.0,,insufficient,,insufficient,,insufficient,,insufficient,거래대금 1위 | 영업이익 성장 +481% | OBV 매집 | 10거래일 중 4회 등장
2026-07-15,240810,원익IPS,60.0,2,19,142700.0,,insufficient,,insufficient,,insufficient,,insufficient,거래대금 10위 | 영업이익 성장 +596% | OBV 매집 | 10거래일 중 4회 등장
2026-07-16,010950,S-Oil,80.0,4,1,144900.0,,insufficient,,insufficient,,insufficient,,insufficient,거래대금 57위 | 영업이익 성장 +1424% | PEG 0.00 (저평가) | 60일 신고가 돌파 | 정배열 · MACD 강세 · OBV 매집 | 10거래일 중 7회 등장
2026-07-16,096770,SK이노베이션,76.5,3,2,121400.0,,insufficient,,insufficient,,insufficient,,insufficient,거래대금 13위 | 영업이익 성장 +1077% | PEG 0.00 (저평가) | 거래량 3.0배 폭증 | MACD 강세 · OBV 매집 | 10거래일 중 4회 등장
2026-07-16,004310,현대약품,72.9,3,3,7600.0,,insufficient,,insufficient,,insufficient,,insufficient,거래대금 18위 | 영업이익 성장 +2000% | PEG 0.00 (저평가) | 거래량 5.3배 폭증 | MACD 강세 · OBV 매집
2026-07-16,005930,삼성전자,68.2,3,4,255000.0,,insufficient,,insufficient,,insufficient,,insufficient,거래대금 2위 | 영업이익 성장 +779% | PEG 0.01 (저평가) | OBV 매집 | 10거래일 중 5회 등장
2026-07-16,089970,브이엠,65.3,3,5,108300.0,,insufficient,,insufficient,,insufficient,,insufficient,거래대금 63위 | 영업이익 성장 +387% | 정배열 · MACD 강세 · OBV 매집 | 10거래일 중 3회 등장
2026-07-16,042660,한화오션,64.7,2,6,86700.0,,insufficient,,insufficient,,insufficient,,insufficient,거래대금 10위 | 영업이익 성장 +391% | PEG 0.31 (저평가) | 10거래일 중 5회 등장
2026-07-16,353200,대덕전자,64.7,2,7,138000.0,,insufficient,,insufficient,,insufficient,,insufficient,거래대금 17위 | 영업이익 성장 +412% | PEG 0.03 (저평가) | MACD 강세 · OBV 매집 | 10거래일 중 4회 등장
2026-07-16,476060,온코닉테라퓨틱스,61.3,2,8,14500.0,,insufficient,,insufficient,,insufficient,,insufficient,거래대금 71위 | 영업이익 성장 +362% | 거래량 8.5배 폭증 | MACD 강세 · OBV 매집
2026-07-16,005935,삼성전자우,61.2,2,9,172000.0,,insufficient,,insufficient,,insufficient,,insufficient,거래대금 5위 | 영업이익 성장 +779% | PEG 0.01 (저평가) | 10거래일 중 4회 등장
2026-07-16,006400,삼성SDI,61.2,2,10,434500.0,,insufficient,,insufficient,,insufficient,,insufficient,거래대금 16위 | 영업이익 성장 +6734% | PEG 0.08 (저평가) | MACD 강세 | 10거래일 중 3회 등장
